ID,year_,arrival_date,departure_date,tenure,young,mates,success_yn,latit,longit,present_next_year,present_previous_year,tarsus,wing,weight,hema,testo
1,2005,178,181,4,0,0,0,71.3231525,-156.6459688,0,0,28.29999924,139,89,62.33,15518.16655
121239901,2006,146,165,20,9,3,1,71.32272045,-156.6701323,0,0,30.29999924,149,106,58.5,3691.66195
121239902,2006,146,196,51,0,0,0,71.323152,-156.671722,0,0,29.89999962,146,107,57.5,14591.77083
121239903,2006,146,178,33,0,0,0,71.323548,-156.6752687,0,0,29.20000076,137,90.5,58.3333,NA
121239904,2006,146,148,3,0,0,0,71.32316,-156.6727967,0,0,28.10000038,146,102,55.4167,16682.01421
121239905,2006,147,150,4,0,0,0,71.3230975,-156.6738675,0,0,31,146,107,59.375,7801.55145
121239906,2006,147,186,40,4,1,1,71.32237946,-156.6706732,0,0,30.10000038,147,99.5,56.4,24092.88289
121239907,2006,147,147,1,0,0,0,71.32306,-156.6726,0,0,29.5,148,96,60.125,1592.04462
121239908,2006,148,178,31,4,2,1,71.32225042,-156.6747992,0,0,29.29999924,139,109,68.75,11883.9458
121239909,2006,148,148,1,0,0,0,71.32308,-156.6721,0,0,28.70000076,144,90,57.2,23161.67754
121239910,2006,148,152,5,0,0,0,71.32435333,-156.6758433,0,0,28.20000076,145,88,49.6667,1277.76257
121239911,2006,148,148,1,0,0,0,71.32387,-156.673,0,0,29.10000038,142,105,62.8,1031.5441
121239912,2006,166,168,3,4,1,1,71.324115,-156.644745,0,0,28.20000076,141,92,56.4,7236.80485
121239913,2006,166,174,9,0,0,0,71.32205,-156.63514,0,0,28.10000038,141,96,59,10560.11035
121239914,2006,166,166,1,0,0,0,71.32254,-156.6332,0,0,29.20000076,142.5,100,62.5,17847.63605
121239915,2006,166,173,8,0,0,0,71.3212875,-156.6410375,0,0,31,150.5,106,61.5,1329.30459
121239916,2006,166,192,27,7,2,1,71.32215571,-156.6419914,0,0,30.39999962,147,106,63.1667,2370.78692
121239917,2006,166,166,1,0,0,0,71.32312,-156.6441,0,0,27.60000038,140,93,61.1667,12996.15344
121239918,2006,167,167,1,0,0,0,71.32287,-156.673,0,0,30.5,145,98,56,11867.07187
121239919,2006,170,174,5,0,0,0,71.3241825,-156.63818,0,0,29,138,98,61.6667,2476.30393
121239919,2009,160,171,12,0,0,0,71.322955,-156.634815,0,0,NA,NA,108.8000031,NA,NA
121239920,2006,170,174,5,5,2,1,71.32046,-156.65019,0,0,30.39999962,140,101,58.1667,6620.24018
121239921,2006,170,175,6,4,1,1,71.32117667,-156.6357167,0,0,28.29999924,142,93,58,2978.1824
121239956,2006,150,155,6,0,0,0,71.3250125,-156.6738325,0,0,29.79999924,148,82,55.625,16777.36453
121239957,2006,150,154,5,0,0,0,71.32443,-156.675844,0,0,30.70000076,142,91,59.5,20477.32422
121239958,2006,150,150,1,0,0,0,71.32264,-156.672,0,0,28,142,96,60.6667,13846.10968
121239959,2006,150,176,27,10,3,1,71.31898,-156.65233,0,0,27.89999962,146,106,61.5,17275.69344
121239960,2006,152,155,4,0,0,0,71.32413143,-156.6742957,0,0,29.20000076,148,102,58,1654.74427
121239961,2006,152,155,4,0,0,0,71.323795,-156.6731183,0,0,29.29999924,148,102,54.9,4646.61988
121239962,2006,152,184,33,15,4,1,71.32042222,-156.6674478,0,0,29.20000076,143,110,57,4761.39876
121239963,2006,154,155,2,0,0,0,71.32373667,-156.6760067,0,0,30,145,107.5,60,9708.8131
121239964,2006,154,154,1,0,0,0,71.32435,-156.6763,0,0,29.10000038,145,101.5,54.25,10665.99267
121239965,2006,154,173,20,0,0,0,71.3251975,-156.6653625,0,0,29.5,147,105,59.875,2366.56283
121239966,2006,154,176,23,0,0,0,71.325465,-156.673255,0,0,29.60000038,142,118,58.0833,23072.96062
121239967,2006,154,156,3,0,0,0,71.325226,-156.673108,0,0,27.5,146,97,57,19433.54066
121239968,2006,154,176,23,8,2,1,71.31788846,-156.66331,0,0,29.10000038,145,101,63.5,7437.92994
121239969,2006,154,156,3,0,0,0,71.324118,-156.67449,0,0,29,139,88,NA,6268.3658
121239971,2006,154,156,3,0,0,0,71.323665,-156.6716433,0,0,29.89999962,145,93,57.8,2049.54794
121239972,2006,155,156,2,4,1,1,71.32414,-156.67137,0,0,29.5,142,98,64.5,15297.89834
121239973,2006,155,156,2,0,0,0,71.32399,-156.6728233,0,0,31.10000038,146,96,57.625,1079.36404
121239974,2006,155,156,2,0,0,0,71.32493,-156.672515,0,0,30.70000076,142,91,57.3,5209.05299
121239975,2006,155,164,10,0,0,0,71.32037143,-156.6682214,0,0,30,140,109,59,1890.72763
121239976,2006,155,155,1,0,0,0,71.32351,-156.6713,0,0,29.70000076,146,103,54.9167,11090.1863
121239977,2006,156,156,1,0,0,0,71.32563,-156.6727,0,0,31.20000076,144,98,55.1,25386.82364
121239978,2006,156,156,1,0,0,0,71.32504,-156.672,0,0,30.10000038,141,100,59.5,2110.80646
121239979,2006,157,157,1,0,0,0,71.32623,-156.6443,0,0,28.89999962,145,79,55,14793.98417
123213001,2006,170,194,25,4,1,1,71.32029714,-156.65003,0,0,30.79999924,146,97,60.6667,842.15218
123213002,2006,169,178,10,4,1,1,71.3161025,-156.654515,0,0,30,146,102,54.1667,2783.90917
123213003,2006,170,170,1,0,0,0,71.3214,-156.6482,0,0,29.79999924,146,101,61.3333,13031.93073
123213004,2006,170,170,1,0,0,0,71.31213,-156.6627,0,0,30.38999939,147,102,64,5373.68052
123213005,2006,170,174,5,6,2,1,71.312505,-156.658725,0,0,28.20999908,144,99,56.6667,1876.83624
123213006,2006,173,175,3,4,1,1,71.31476,-156.65867,0,0,29.70000076,140.5,102,52.5,1902.7553
123213007,2006,173,173,1,0,0,0,71.3257,-156.6446,0,0,30.10000038,148,103,54.2,7809.86379
123213008,2006,171,171,1,0,0,0,71.32152,-156.6499,0,0,27.70000076,142,105,58.375,358.18988
123213009,2006,173,186,14,5,2,1,71.323096,-156.647526,0,0,27.60000038,148,95,57,4241.23473
123213010,2006,173,175,3,0,0,0,71.32213667,-156.6410467,0,0,30.5,146,80,55.375,572.46763
123213011,2006,171,174,4,0,0,0,71.32265,-156.63862,0,0,30.20000076,144,100,56.25,5102.42746
123213012,2006,171,171,1,0,0,0,71.32488,-156.6369,0,0,28.89999962,148,98,65.6667,8731.59131
123213013,2006,172,183,12,0,0,0,71.32132333,-156.6426883,0,0,31.79999924,145,102,60.625,13056.48984
123213014,2006,173,179,7,12,3,1,71.31881333,-156.64346,0,0,30.39999962,145,97,60.1667,7671.66185
123213015,2006,173,173,1,5,2,1,71.31271,-156.6468,0,0,30.20000076,149,97,58.125,1512.58756
123213017,2006,165,178,14,0,0,0,71.31955143,-156.6564543,0,0,30.89999962,145,94,53.3333,3977.30952
123213020,2006,173,175,3,0,0,0,71.315505,-156.65552,0,0,28.20000076,143,101,58.75,12565.28415
123213021,2006,160,164,5,4,1,1,71.31669,-156.6664025,0,0,28.79999924,141,105,60.3333,4001.57936
123213022,2006,157,157,1,0,0,0,71.32831,-156.6436,0,0,29.60000038,145,102,55.8333,4324.34595
123213023,2006,159,159,1,0,0,0,71.3281,-156.6413,0,0,29.20000076,145,100.5,54.75,6618.34831
123213024,2006,159,159,1,0,0,0,71.32812,-156.643,0,0,27.79999924,140,84,NA,1392.77307
123213025,2006,160,166,7,0,0,0,71.3260225,-156.6689163,0,0,29.5,143,101,61.9167,16988.46666
123213026,2006,160,184,25,0,0,0,71.32113923,-156.6684785,0,0,28.5,142,94,56.125,14834.46572
123213027,2006,160,178,19,0,0,0,71.32206462,-156.6607338,0,0,29.10000038,142,88,56.875,327.61756
123213028,2006,160,163,4,0,0,0,71.31889,-156.6577567,0,0,30.29999924,150.5,99,53,6735.13037
123213029,2006,160,178,19,5,2,1,71.32045556,-156.6578606,0,0,30.5,149,104,58.4,4416.82176
123213030,2006,160,178,19,5,2,1,71.31812368,-156.6597695,0,0,28.5,140.5,92,55,8814.74751
123213031,2006,160,165,6,0,0,0,71.320906,-156.672503,0,0,30.39999962,148,99,56.875,7873.25983
123213032,2006,161,178,18,0,0,0,71.3206619,-156.66942,0,0,28.29999924,139,93,57.8333,10417.4563
123213033,2006,161,183,23,6,2,1,71.31897417,-156.6682725,0,0,28.5,143,89,57.6,11772.76176
123213034,2006,161,184,24,0,0,0,71.319694,-156.6646707,0,0,29.79999924,147,94,55.6667,16408.54887
123213035,2006,161,161,1,0,0,0,71.31902,-156.6643,0,0,29.39999962,143,81,56.625,8330.40906
123213036,2006,161,169,9,0,0,0,71.31620833,-156.6639917,0,0,29.5,143,98,53.4,7473.06398
123213037,2006,161,178,18,0,0,0,71.3217375,-156.66763,0,0,29.39999962,142,90,61.5,20882.92546
123213038,2006,161,161,1,0,0,0,71.31882,-156.6681,0,0,30.29999924,146,91,61.5,3349.79609
123213039,2006,156,178,23,3,1,1,71.32006,-156.6601393,0,0,28.20000076,145,93,56.5,989.72096
123213040,2006,161,161,1,0,0,0,71.32316,-156.6733,0,0,28.20000076,141,85,58.25,422.82427
123213041,2006,162,163,2,0,0,0,71.32328,-156.665085,0,0,28,146.5,86,52.8333,9259.98036
123213042,2006,162,163,2,0,0,0,71.32367,-156.67235,0,0,29.20000076,140,85,54.375,6690.14047
123213043,2006,162,162,1,0,0,0,71.32446,-156.6741,0,0,28.60000038,146,98,58,540.33923
123213044,2006,164,187,24,3,2,1,71.3195024,-156.6632884,0,0,29.20000076,146.5,86,55.5,7362.97364
123213045,2006,164,173,10,0,0,0,71.31663333,-156.6613683,0,0,28.89999962,141,109.5,55.25,5398.41422
123213046,2006,164,178,15,0,0,0,71.314625,-156.663474,0,0,29.5,144,93.5,61.8333,7770.10712
123213047,2006,164,175,12,0,0,0,71.31533889,-156.6619467,0,0,29.20000076,141,94.5,58,16351.31922
123213048,2006,164,176,13,4,1,1,71.31566667,-156.6575725,0,0,27.10000038,146,94,62.25,7235.18806
123213049,2006,164,176,13,0,0,0,71.31972,-156.667075,0,0,30.20000076,145.5,101,59,5026.58988
123213050,2006,164,164,1,0,0,0,71.3144,-156.6604,0,0,31,144,95,57.5,1477.20733
123213051,2006,164,178,15,0,0,0,71.31526182,-156.6673618,0,0,27.60000038,146,107,63.2,6008.06109
123213052,2006,165,165,1,2,1,1,71.32285,-156.6699,0,0,29,146,89,57.8333,6390.07866
123213053,2006,165,183,19,0,0,0,71.3218775,-156.653305,0,0,28.89999962,146,96,56.125,3045.42459
123213054,2006,165,190,26,0,0,0,71.32130077,-156.6551069,0,0,29,145,93,53.125,13934.23933
123213055,2006,165,169,5,4,1,1,71.31601667,-156.65405,0,0,29.20000076,148.5,105,60,2009.53228
123213056,2006,165,178,14,4,1,1,71.31940467,-156.656348,0,0,28.39999962,144,101,58,9621.61131
123213057,2006,165,184,20,0,0,0,71.322215,-156.6666283,0,0,29,147,108,59,5919.08763
123213058,2006,165,178,14,3,1,1,71.32388273,-156.6475682,0,0,28.5,144,94,60.25,3967.87217
123213059,2006,165,165,1,4,1,1,71.32386,-156.6409,0,0,28.89999962,144,104,61.1,4510.55307
123213065,2006,159,184,26,0,0,0,71.32012913,-156.6723048,0,0,29.98999977,146,105.5,51.0833,12454.3253
123213066,2006,159,178,20,0,0,0,71.31786095,-156.6645605,0,0,30.36000061,142,91,58.25,9282.64371
123213067,2006,160,182,23,0,0,0,71.319974,-156.646884,0,0,29.94000053,145,100.5,55.5,5036.74173
123213068,2006,159,159,1,0,0,0,71.32395,-156.6762,0,0,30.09000015,143,93.5,NA,5163.68317
123213070,2006,160,165,6,7,2,1,71.32285,-156.6528467,0,0,NA,146,99.5,55.2,2145.27352
123213071,2006,160,160,1,0,0,0,71.32819,-156.6443,0,0,27.92000008,142,79.5,56,16895.76123
123213072,2006,160,178,19,0,0,0,71.327526,-156.645502,0,0,30.89999962,145,107.5,59.6667,9854.03269
123213073,2006,161,175,15,0,0,0,71.3212,-156.6588681,0,0,28,140,103.5,57.5,4464.97658
123213074,2006,166,167,2,0,0,0,71.32486,-156.67236,0,0,31.05999947,147,102,54.5,1954.30839
123213075,2006,170,180,11,4,1,1,71.314862,-156.650226,0,0,28.67000008,145,97,58,3176.48395
123213076,2006,167,190,24,0,0,0,71.32035083,-156.6387092,0,0,29.47999954,148,101,59.25,3735.26464
123213077,2006,167,178,12,0,0,0,71.31919667,-156.6390267,0,0,30.76000023,147.5,105,55.6667,5188.09796
123213078,2006,167,178,12,12,3,1,71.32007,-156.6434329,0,0,28.76000023,145,95,60.5,731.9478
123213079,2006,167,168,2,0,0,0,71.321225,-156.64702,0,0,27.78000069,140,92,54,8440.48263
123213080,2006,167,178,12,4,1,1,71.321634,-156.643864,0,0,29.29999924,141,99,55.3333,3260.21792
123213081,2006,167,173,7,22,5,1,71.321882,-156.645382,0,0,30.84000015,144,104,58.25,3162.26466
123213082,2006,167,167,1,0,0,0,71.31287,-156.6563,0,0,29.79999924,143,104,59,3153.78289
123213083,2006,167,182,16,3,1,1,71.31311167,-156.6627283,0,0,31,150,109.5,56.5,6333.34443
123213084,2006,167,184,18,4,1,1,71.31454833,-156.660285,0,0,29,147,104,55.5,9567.93107
123213085,2006,165,184,20,0,0,0,71.31463231,-156.6541308,0,0,28.45000076,142,92.5,52,3539.98237
123213086,2006,165,165,1,0,0,0,71.31604,-156.6594,0,0,28.35000038,145,87.5,57.5,1397.97197
123213087,2006,165,189,25,6,2,1,71.31767,-156.668975,1,0,28.22999954,143,98.5,55.6667,15913.59948
123213087,2007,153,182,30,4,1,1,71.32192884,-156.6736186,1,1,27.64999962,142.5,90,55.88,11956.1633
123213087,2008,152,174,23,0,0,0,71.3216515,-156.6736022,0,1,28.25,142,90.5,50,5966.04254
123213088,2006,164,173,10,7,2,1,71.32074333,-156.64737,0,0,28.14999962,145,100.5,59,1695.5255
123213089,2006,164,165,2,0,0,0,71.31936,-156.648185,0,0,29.94000053,150,110.5,58.4,16901.46463
123213090,2006,164,164,1,0,0,0,71.31752,-156.6537,0,0,30.85000038,145,104.5,56,9445.39487
123213091,2006,164,179,16,4,1,1,71.31716091,-156.6563618,0,0,30.39999962,146,104.5,57,6773.29284
123213092,2006,164,164,1,0,0,0,71.3167,-156.6503,0,0,28.44000053,140,109.5,60.3333,1244.66682
123213093,2006,164,178,15,2,1,1,71.31795385,-156.6470762,0,0,28.21999931,139,93.5,50.5,8698.70091
123213094,2006,164,164,1,1,1,1,71.31834,-156.647,0,0,30.14999962,147,94.5,54.1667,10804.65908
123213095,2006,164,190,27,7,2,1,71.31983316,-156.6534374,0,0,29.20000076,143,89.5,55,814.91191
123213096,2006,164,174,11,7,2,1,71.31836105,-156.6522589,0,0,31.36000061,144,94.5,50.5,6687.40226
123213097,2006,160,175,16,0,0,0,71.32228519,-156.6502522,0,0,30.67000008,145,102.5,54.6667,6634.75705
123213098,2006,162,190,29,0,0,0,71.32576,-156.6410867,0,0,30.32999992,147,93.5,51.3333,13367.69496
123213099,2006,161,178,18,0,0,0,71.322715,-156.667435,0,0,28.55999947,147,102.5,55.3333,7869.56188
123213100,2006,170,173,4,12,3,1,71.31758,-156.65057,0,0,30.5,147,100,56,5815.26761
123213169,2006,159,174,16,0,0,0,71.323026,-156.66313,0,0,30,145,104.5,62,6162.00549
123233201,2007,168,168,1,0,0,0,71.32442,-156.67358,0,0,27.96999931,139,86.5,54.6,NA
123233202,2007,151,162,12,0,0,0,71.32304,-156.67196,0,0,27.25,143,96.30000305,59.5,3810.0457
123233203,2007,152,152,1,0,0,0,71.3244,-156.67369,0,0,29.06999969,141,100,56.75,3487.1409
123233204,2007,152,152,1,0,0,0,71.3246,-156.67389,0,0,28.60000038,144,96.5,62.88,481.3184
123233205,2007,152,152,1,0,0,0,71.3249,-156.67325,0,0,28.46999931,146,98.59999847,59.25,2906.9477
123233206,2007,153,155,3,0,0,0,71.32406333,-156.67486,0,0,29.77000046,145,96.59999847,60.83,15739.2491
123233207,2007,154,154,1,0,0,0,71.32542,-156.67286,0,0,28.98999977,147,89,57.5,707.5544
123233208,2007,156,156,1,0,0,0,71.32331,-156.6703,0,0,28.21999931,146,92,59,13108.8614
123233209,2007,156,175,20,0,0,0,71.322308,-156.669942,0,0,27.62000084,144,99,59,4891.3469
123233210,2007,156,180,25,1,1,1,71.319265,-156.6550195,0,0,28.40999985,147,97.40000153,60,2610.8036
123233211,2007,155,155,1,0,0,0,71.32825,-156.64271,0,0,28.12999916,147,95.59999847,56.67,2805.9312
123233212,2007,156,157,2,0,0,0,71.32315,-156.67369,0,0,29.62000084,147.5,99.09999847,59.33,15850.5074
123233213,2007,156,156,1,0,0,0,71.32336,-156.67203,0,0,29.37999916,141,103.9000015,64.5,5292.8421
123233214,2007,156,159,4,0,0,0,71.323145,-156.674515,0,0,28.61000061,145,103.3000031,62.4,1165.2682
123233215,2007,156,156,1,0,0,0,71.32263,-156.67182,0,0,27.43000031,144,91,58.5,6377.7481
123233216,2007,157,157,1,0,0,0,71.32284,-156.6733,0,0,29.70999908,146,108.5999985,46,5940.0355
123233217,2007,157,157,1,0,0,0,71.3226,-156.67156,0,0,28.21999931,148,103.1999969,66.5,564.6761
123233218,2007,157,158,2,0,0,0,71.323095,-156.672185,0,0,27.80999947,147.5,116.8000031,60,1454.0755
123233219,2007,157,174,18,0,0,0,71.32273917,-156.6657996,0,0,28.65999985,144,100.6999969,61.33,3479.8247
123233220,2007,156,182,27,0,0,0,71.32084615,-156.65949,0,0,28.46999931,146,101.8000031,NA,10897.2135
123233221,2007,157,166,10,0,0,0,71.32219,-156.67133,0,0,28.87000084,145,106.6999969,60.7,604.8256
123233222,2007,158,162,5,0,0,0,71.32211333,-156.67355,0,0,28.57999992,144,101.5999985,59.5,4106.3724
123233223,2007,158,169,12,0,0,0,71.32236889,-156.6715011,0,0,28.97999954,146,98.19999695,54.33,9142.5815
123233224,2007,158,160,3,0,0,0,71.32263667,-156.67559,0,0,28.32999992,142,95.59999847,61.5,8396.192
123233225,2007,159,159,1,0,0,0,71.32342,-156.67312,0,0,27.23999977,142,88.90000153,61.4,4002.2064
123233226,2007,159,159,1,0,0,0,71.32352,-156.671605,0,0,29.25,145.5,102.0999985,65.25,4115.3921
123233227,2007,159,161,3,0,0,0,71.322925,-156.672735,0,0,27.70999908,145,114.8000031,60,5080.4581
123233228,2007,159,161,3,0,0,0,71.324085,-156.675025,0,0,29.12999916,140.5,108.5,66.67,8145.3796
123233229,2007,159,161,3,0,0,0,71.32245,-156.671746,0,0,29.52000046,147,102.8000031,62.83,1544.8777
123233230,2007,159,159,1,0,0,0,71.32341,-156.67555,0,0,29.77000046,144,103,58.25,1837.3249
123233231,2007,161,189,29,0,0,0,71.32311,-156.6698074,0,0,30.77000046,147.5,104.0999985,60.75,10216.9621
123233232,2007,161,177,17,0,0,0,71.32142419,-156.6672497,0,0,29.57999992,146,101.5999985,57,14026.1144
123233233,2007,161,162,2,0,0,0,71.321735,-156.667365,0,0,30.57999992,145,118.1999969,63.3,4693.25
123233234,2007,161,198,38,0,0,0,71.32146176,-156.6649576,0,0,26.54000092,140,84.40000153,58.5,17119.5509
123233235,2007,161,171,11,0,0,0,71.32105,-156.66263,0,0,26.71999931,138.5,102.8000031,56.75,7364.355
123233236,2007,161,161,1,0,0,0,71.32053,-156.66745,0,0,28.45000076,144,104.6999969,63.75,2808.0333
123233237,2007,162,181,20,0,0,0,71.32236944,-156.6721994,0,0,26.81999969,135.5,95,58.33,4925.5486
123233238,2007,161,174,14,7,2,1,71.32007162,-156.66539,0,0,27.92000008,142,104.6999969,62.1,10127.4017
123233239,2007,161,178,18,3,1,1,71.3202112,-156.6637616,0,0,29.52000046,146,100.5,60.38,3733.9132
123233240,2007,162,163,2,0,0,0,71.32313,-156.67127,0,0,29.51000023,145,102.6999969,57.67,3924.9066
123233241,2007,159,170,12,0,0,0,71.32142,-156.67143,0,0,27.68000031,147,99.80000305,61.17,7820.9662
123233242,2007,159,159,1,0,0,0,71.32303,-156.67578,0,0,28.18000031,147.5,114.5999985,62.6,9423.6639
123233243,2007,160,170,11,0,0,0,71.32142,-156.664605,0,0,27.54999924,140,99.19999695,66.9,700.4425
123233244,2007,160,160,1,0,0,0,71.32375,-156.67418,0,0,30.04000092,143,102.3000031,62.25,248.19336
123233245,2007,160,161,2,0,0,0,71.32290667,-156.6725033,0,0,29.04000092,139,97,59.7,8039.446
123233246,2007,160,161,2,0,0,0,71.322905,-156.66994,0,0,28.57999992,149,98.40000153,60.33,13560.7353
123233247,2007,160,162,3,0,0,0,71.321655,-156.671285,0,0,28.53000069,140,113,NA,NA
123233248,2007,160,162,3,0,0,0,71.32279,-156.6713875,0,0,29.63999939,146,112.6999969,NA,NA
123233249,2007,160,161,2,0,0,0,71.32288,-156.670265,0,0,28.80999947,141,97.5,NA,NA
123233250,2007,160,161,2,0,0,0,71.322305,-156.668345,0,0,30.44000053,146,107.5,NA,NA
123233251,2007,154,156,3,0,0,0,71.32384,-156.673185,0,0,28.29999924,141.5,93.90000153,56.12,9601.2947
123233252,2007,156,156,1,0,0,0,71.32312,-156.67625,0,0,28.05999947,144,93.19999695,54,23472.0496
123233253,2007,156,156,1,0,0,0,71.32354,-156.677335,0,0,29.60000038,145,103.5,56.83,3513.6345
123233254,2007,156,156,1,0,0,0,71.32384,-156.67207,0,0,29.48999977,144,108.5999985,60.88,8840.4642
123233255,2007,156,171,16,0,0,0,71.3159625,-156.6531575,0,0,29.26000023,154,100,NA,755.647
123233256,2007,158,159,2,0,0,0,71.3235,-156.6702967,0,0,27.65999985,143,108.5999985,61.33,1359.0221
123233257,2007,158,158,1,0,0,0,71.32313,-156.67205,0,0,28.86000061,150,108.4000015,57,191.55767
123233258,2007,158,159,2,0,0,0,71.323245,-156.67241,0,0,29.11000061,147,102.6999969,60,12824.6311
123233259,2007,158,158,1,0,0,0,71.32374,-156.67007,0,0,29.95999908,149,114.5,62.75,288.2944
123233260,2007,158,158,1,0,0,0,71.32359,-156.67338,0,0,29.61000061,143,106.1999969,60,2885.7984
123233261,2007,159,159,1,0,0,0,71.32161,-156.66889,0,0,29.56999969,147,106.9000015,62.1,13623.6769
123233262,2007,159,177,19,0,0,0,71.32278,-156.668644,0,0,28.61000061,149.5,103.1999969,60.83,6507.1846
123233263,2007,159,162,4,0,0,0,71.321645,-156.66927,0,0,28.85000038,147,104.1999969,58.88,1406.7679
123233264,2007,159,161,3,0,0,0,71.32292333,-156.66961,0,0,29.95000076,147,113.5,65.8,12912.4342
123233265,2007,159,159,1,0,0,0,71.32341,-156.67191,0,0,30.14999962,147,103.0999985,57.2,20835.7621
123233266,2007,160,160,1,0,0,0,71.32219,-156.6721,0,0,28.04999924,147,100.8000031,58.83,3685.1332
123233267,2007,160,160,1,0,0,0,71.32193,-156.66502,0,0,28.60000038,147,93.19999695,61.9,4521.1088
123233268,2007,160,166,7,0,0,0,71.32125778,-156.6672422,0,0,29.65999985,146,110.6999969,62.5,4442.1329
123233269,2007,160,161,2,0,0,0,71.32219,-156.6587,0,0,28.37999916,145,106.4000015,57,1375.6908
123233270,2007,160,162,3,0,0,0,71.32034333,-156.66848,0,0,28.79000092,144,93,57.6,12272.2254
123233271,2007,160,174,15,0,0,0,71.3200175,-156.6474938,0,0,29.89999962,151,103.9000015,NA,NA
123233272,2007,161,161,1,0,0,0,71.31984,-156.66881,0,0,29.5,149,113,65,31259.6946
123233273,2007,162,169,8,1,1,1,71.319355,-156.669005,0,0,30.12000084,142,101.5,57.12,1918.0655
123233274,2007,162,178,17,0,0,0,71.32297786,-156.6533614,0,0,27.01000023,140.5,91.80000305,58,24544.0274
123233275,2007,162,163,2,4,1,1,71.32235333,-156.67138,0,0,29.18000031,143,98.5,56,399.8015
123233276,2007,162,180,19,0,0,0,71.32270846,-156.6662415,0,0,30.20000076,143,103.4000015,58,391.4338
123233277,2007,162,162,1,0,0,0,71.31968,-156.66477,0,0,27.25,141,113.5999985,61.75,226.6961
123233278,2007,164,164,1,0,0,0,71.32298,-156.67476,0,0,27.89999962,142,99.09999847,65.5,6321.6481
123233279,2007,164,177,14,0,0,0,71.321365,-156.66446,0,0,30.04000092,143,107.0999985,59.2,22664.8184
123233280,2007,165,171,7,2,1,1,71.313605,-156.665004,0,0,28.14999962,142,94.19999695,60,2246.0065
123233281,2007,162,193,32,3,1,1,71.32247731,-156.6601888,0,0,30.01000023,149,100.6999969,57.75,7163.565
123233282,2007,162,162,1,0,0,0,71.32082,-156.66275,0,0,28.37999916,145,109.4000015,63.67,8590.7714
123233283,2007,161,193,33,12,3,1,71.32118963,-156.6593419,0,0,28.54999924,140,102.5999985,54.2,2253.1882
123233284,2007,162,162,1,0,0,0,71.32114,-156.6676,0,0,29.45999908,145,114.1999969,63.38,4887.5958
123233285,2007,162,162,1,0,0,0,71.32168,-156.66832,0,0,29.62999916,145,125.0999985,67.7,5168.2901
123233286,2007,165,165,1,0,0,0,71.31579,-156.66084,0,0,27.89999962,142,84.69999695,57,550.1006
123233287,2007,166,179,14,10,3,1,71.31785636,-156.65651,0,0,28.95000076,141,101.5,56.5,3832.6238
123233288,2007,166,173,8,0,0,0,71.31754,-156.6595333,0,0,27.21999931,144,108.9000015,61,2171.7558
123233289,2007,167,179,13,5,2,1,71.322585,-156.6514817,0,0,28.76000023,144.5,101.9000015,62.88,4099.1592
123233290,2007,167,182,16,4,1,1,71.32300577,-156.6645381,1,0,28.20000076,146,100.5999985,59.83,1431.3976
123233290,2008,170,180,11,0,0,0,71.32256946,-156.6604419,0,1,28.5,146,99.40000153,60,5014.48952
123233291,2007,168,184,17,0,0,0,71.32180313,-156.6632356,0,0,28.29000092,144,95.40000153,57.5,12357.9235
123233292,2007,168,171,4,0,0,0,71.32036,-156.6491013,0,0,29.89999962,143,97.90000153,60.12,1816.6839
123233293,2007,169,172,4,0,0,0,71.32169333,-156.6518667,0,0,26.95999908,145.5,101.5999985,60,19334.7241
123233294,2007,169,175,7,5,2,1,71.32574769,-156.6438031,0,0,27.73999977,144,96.19999695,62.5,3136.2632
123233295,2007,168,172,5,4,1,1,71.32328,-156.644184,0,0,29.88999939,143,98.30000305,62.9,7187.607
123233296,2007,169,169,1,3,1,1,71.32168,-156.6429,0,0,29.92000008,148.5,109.5,64.5,3856.0249
123233297,2007,169,174,6,0,0,0,71.322715,-156.66329,0,0,29.12000084,144,100.4000015,61.25,21428.1305
123233298,2007,167,168,2,0,0,0,71.32171,-156.65303,0,0,30.54000092,151,102,61.67,NA
123233299,2007,170,172,3,1,1,1,71.31842,-156.6445133,0,0,28.53000069,144.5,102,59.9,5568.6096
123233300,2007,170,174,5,4,1,1,71.318485,-156.64154,0,0,29.07999992,145,93.69999695,60.5,2042.5969
123233301,2007,163,164,2,0,0,0,71.32347,-156.66804,0,0,28.46999931,144,114,59.38,539.6923
123233302,2007,163,163,1,0,0,0,71.323,-156.66294,0,0,28.45000076,143,97.5,62,238.6555
123233303,2007,163,193,31,2,1,1,71.31998,-156.6564842,0,0,29.95000076,146,98.59999847,55,4321.643
123233304,2007,163,179,17,0,0,0,71.32125615,-156.6533185,0,0,28.54000092,145,99.69999695,53,5869.6357
123233305,2007,163,171,9,4,1,1,71.31616,-156.6613467,0,0,27.34000015,146,102.9000015,57.75,866.7221
123233306,2007,163,174,12,0,0,0,71.32293889,-156.64959,0,0,28.43000031,141,94.80000305,64.75,9605.4567
123233307,2007,170,175,6,0,0,0,71.320865,-156.661695,0,0,28.28000069,140,95.80000305,59.25,5271.146
123233308,2007,172,183,12,0,0,0,71.32309667,-156.6620411,0,0,27.89999962,141,98.90000153,67,12676.5107
123233309,2007,172,180,9,0,0,0,71.32283333,-156.6673556,0,0,26.87999916,139,96.90000153,62.5,1249.1333
123233310,2007,172,172,1,0,0,0,71.31708,-156.64817,0,0,28.5,145.5,96.80000305,62.75,196.79814
123233311,2007,173,182,10,0,0,0,71.32368714,-156.6734257,0,0,27.44000053,144.5,91.80000305,55.5,303.84851
123233312,2007,173,182,10,0,0,0,71.32329375,-156.6736325,0,0,28.06999969,151.5,95.90000153,62.4,21156.379
123233313,2007,179,179,1,0,0,0,71.32575,-156.6748,0,0,28.34000015,149.5,107.6999969,59.67,134.97039
123233314,2007,179,179,1,0,0,0,71.32586,-156.67233,0,0,29.77000046,142,88,56,286.11297
123233315,2007,179,180,2,0,0,0,71.32587,-156.672685,0,0,29.09000015,143.5,106.4000015,58.4,111.1234
123233316,2007,179,179,1,0,0,0,71.32548,-156.67364,0,0,29.04999924,148,90.30000305,52,166.14313
123233317,2007,179,181,3,1,1,1,71.32539667,-156.6695833,0,0,28.21999931,144,85.5,54.25,122.1949
123233319,2007,179,179,1,0,0,0,71.32345,-156.67425,0,0,28.10000038,143,78.90000153,61,133.06721
123233320,2007,179,180,2,0,0,0,71.32504,-156.672535,0,0,29.40999985,150.5,92.40000153,58.5,702.2522
123233351,2007,172,172,1,5,2,1,71.3212,-156.64228,0,0,27.96999931,145,101,62.6,1303.8338
123233352,2007,172,176,5,4,1,1,71.324205,-156.640405,0,0,28.13999939,145.5,98.5,58.1,3786.729
127231801,2008,151,154,4,0,0,0,71.324005,-156.675325,0,0,30.70000076,147.5,103.3000031,54.5,2695.38441
127231802,2008,151,151,1,0,0,0,71.32346,-156.6765,0,0,29.10000038,144,115,56.33,5515.30638
127231803,2008,151,165,15,0,0,0,71.321985,-156.66965,0,0,29.89999962,149,101.4000015,52.5,9694.21666
127231804,2008,151,157,7,0,0,0,71.32311714,-156.6737829,0,0,28.29999924,143.5,107.3000031,NA,9284.3408
127231805,2008,153,153,1,0,0,0,71.323275,-156.67186,0,0,29.5,147,101.4000015,54.5,1988.49948
127231806,2008,151,157,7,0,0,0,71.32348667,-156.67443,0,0,29.40999985,142,96.09999847,55.5,3075.10441
127231807,2008,153,154,2,0,0,0,71.308445,-156.674595,0,0,31.21999931,144.5,112,58.5,3108.59379
127231808,2008,153,172,20,0,0,0,71.323932,-156.671452,0,0,27.63999939,144.5,84.69999695,54.5,8241.10579
127231809,2008,153,153,1,0,0,0,71.32332,-156.6725,0,0,30.29999924,143,107.3000031,NA,4339.29398
127231810,2008,151,156,6,0,0,0,71.32326667,-156.6734967,0,0,28.54000092,142,99.5,61.5,4195.84181
127231811,2008,155,159,5,0,0,0,71.323392,-156.670342,0,0,30.81999969,150,94.69999695,NA,NA
127231812,2008,155,155,1,0,0,0,71.32387,-156.6763,0,0,26.95000076,143,106.6999969,61,2625.96259
127231813,2008,155,178,24,0,0,0,71.321755,-156.670935,0,0,28.06999969,148,103,NA,NA
127231814,2008,155,182,28,4,1,1,71.3216584,-156.6604949,0,0,29.86000061,146.5,103.8000031,61.17,10526.07992
127231815,2008,155,155,1,0,0,0,71.32387,-156.6763,0,0,28.44000053,144.5,95.40000153,62.5,4551.03512
127231816,2008,155,155,1,0,0,0,71.32387,-156.6763,0,0,29.31999969,139.5,97.59999847,48.5,6349.23019
127231817,2008,155,156,2,0,0,0,71.32316,-156.67536,0,0,27.81999969,141,92.40000153,58.5,3621.38668
127231818,2008,155,155,1,0,0,0,71.32387,-156.6763,0,0,30.43000031,147,101.9000015,61.5,1698.89198
127231819,2008,155,155,1,0,0,0,71.32387,-156.6763,0,0,30.84000015,147.5,92.30000305,54.5,621.68122
127231820,2008,155,157,3,0,0,0,71.323105,-156.675345,0,0,29.35000038,145,93.90000153,54.5,2036.70807
127231821,2008,155,160,6,0,0,0,71.322935,-156.6740863,0,0,29.02000046,143.5,93.40000153,NA,13534.33666
127231822,2008,156,157,2,0,0,0,71.324515,-156.671815,0,0,27.34000015,145,98,67.5,31228.59656
127231823,2008,156,156,1,0,0,0,71.32328,-156.67,0,0,30.20999908,145,102.4000015,59,5423.10752
127231824,2008,156,158,3,0,0,0,71.32376875,-156.6728975,0,0,28.96999931,139,90.69999695,59,4254.94554
127231825,2008,156,158,3,0,0,0,71.3233175,-156.6724225,0,0,28.78000069,143,101.0999985,61.25,503.30128
127231826,2008,156,158,3,0,0,0,71.3228975,-156.6716338,0,0,28.48999977,146,96.09999847,60,2337.44019
127231827,2008,156,180,25,0,0,0,71.323515,-156.670105,0,0,28.62000084,139,112.5999985,62,9204.71664
127231828,2008,156,156,1,0,0,0,71.32401333,-156.6751733,0,0,29.67000008,146,107.4000015,55.25,10774.32472
127231829,2008,156,156,1,0,0,0,71.32341,-156.6758,0,0,27.15999985,143,103.5999985,59.25,5413.9036
127231830,2008,156,159,4,0,0,0,71.32313667,-156.6739133,0,0,29.71999931,145.5,105.5999985,58.25,3107.0248
127231831,2008,156,158,3,0,0,0,71.3229225,-156.6742875,0,0,29.51000023,144,109,NA,NA
127231832,2008,157,180,24,0,0,0,71.322685,-156.67225,0,0,29.70999908,148,115.9000015,63.5,5243.85971
127231833,2008,157,158,2,0,0,0,71.32334571,-156.6703343,0,0,29.05999947,141,109.0999985,NA,NA
127231834,2008,157,158,2,0,0,0,71.32342667,-156.67279,0,0,30.36000061,148,114,50,1999.17914
127231835,2008,157,165,9,0,0,0,71.32366,-156.6673438,0,0,27.21999931,136.5,102.8000031,61,3302.0807
127231836,2008,157,161,5,0,0,0,71.3201225,-156.6680833,0,0,28.59000015,144,97.30000305,59,5503.76398
127231837,2008,158,171,14,0,0,0,71.31818588,-156.6607524,0,0,30.70000076,144,104.1999969,61,13295.94521
127231838,2008,158,159,2,0,0,0,71.3211,-156.66415,0,0,30.75,141,102.5999985,59,4744.38824
127231839,2008,158,176,19,0,0,0,71.322425,-156.670165,0,0,28.97999954,142,97.30000305,58.75,2259.87477
127231840,2008,159,159,1,0,0,0,71.321365,-156.672855,0,0,28.69000053,145,99,56.33,NA
127231841,2008,160,193,34,0,0,0,71.31969174,-156.6643487,0,0,28.70000076,144,85,52.33,5730.17843
127231842,2008,160,175,16,0,0,0,71.3154273,-156.6631238,0,0,28,142,92,57,9602.02117
127231843,2008,160,176,17,0,0,0,71.32272467,-156.6452567,0,0,30.76000023,145,110,57.5,15339.11352
127231844,2008,161,161,1,0,0,0,71.32153,-156.65767,0,0,28.89999962,141,90,58.17,410.78376
127231845,2008,161,161,1,0,0,0,71.322945,-156.66577,0,0,29.39999962,142,91,51.83,7815.19656
127231846,2008,161,180,20,0,0,0,71.32115397,-156.664894,0,0,29.39999962,144.5,98,57.5,19873.19616
127231847,2008,161,172,12,0,0,0,71.322008,-156.655086,0,0,30.20000076,147.5,100,56.75,257.6383
127231848,2008,162,177,16,0,0,0,71.32150614,-156.6687275,0,0,30.29999924,143,95,62,13962.65251
127231849,2008,163,163,1,0,0,0,71.32354,-156.6708,0,0,28.70000076,140.5,90,52.5,1960.67463
127231850,2008,163,163,1,0,0,0,71.32332,-156.6704,0,0,30.70000076,145,108,56.25,4853.42854
127231851,2008,163,165,3,0,0,0,71.32168,-156.67181,0,0,29,139.5,92,59.5,10119.16693
127231852,2008,163,163,1,0,0,0,71.32318,-156.6718,0,0,32,150,106,58.5,6851.51255
127231853,2008,163,163,1,0,0,0,71.31607,-156.6555,0,0,31.89999962,149.5,117,58,489.37789
127231854,2008,163,172,10,0,0,0,71.31717364,-156.654165,0,0,30.29999924,146.5,101,NA,11799.40195
127231855,2008,163,167,5,0,0,0,71.3208,-156.6518267,0,0,32.5,151.5,102,63.5,5463.74326
127231856,2008,164,164,1,0,0,0,71.32355667,-156.6653667,0,0,28.11000061,144,85,53.5,10868.63454
127231857,2008,164,164,1,0,0,0,71.3227,-156.6668,0,0,28.20000076,144.5,95,58.5,10751.14824
127231858,2008,164,170,7,0,0,0,71.32042,-156.65798,0,0,28.39999962,148,96,60.5,15209.67364
127231859,2008,164,186,23,0,0,0,71.31916451,-156.6517008,0,0,29.60000038,138,88,61.5,15614.11084
127231860,2008,164,166,3,0,0,0,71.32144,-156.661965,0,0,28.39999962,149,97,56.5,2283.53319
127231861,2008,164,174,11,0,0,0,71.31582222,-156.6602133,0,0,28.64999962,146,97,62.75,17544.02434
127231862,2008,165,165,1,0,0,0,71.32359,-156.6706,0,0,32.5,150.5,113.1999969,60,5804.10772
127231863,2008,165,165,1,0,0,0,71.32261,-156.6702,0,0,28.39999962,136,92.19999695,60.5,13545.2893
127231864,2008,165,165,1,0,0,0,71.32316,-156.67,0,0,28.29999924,147,115.0999985,66,1949.87681
127231865,2008,165,165,1,0,0,0,71.32359,-156.6712,0,0,29.89999962,145,104.4000015,55,1229.59261
127231866,2008,166,182,17,0,0,0,71.32187931,-156.6734924,0,0,27.60000038,143,98,58.5,10046.87446
127231867,2008,166,166,1,0,0,0,71.32147,-156.6689,0,0,30.13999939,145.5,108,NA,5836.20617
127231868,2008,166,182,17,0,0,0,71.31981339,-156.6647188,0,0,29.29999924,148,99.5,55,2519.92137
127231869,2008,166,166,1,0,0,0,71.31842,-156.663365,0,0,30.89999962,146,109,60.83,980.89234
127231870,2008,166,174,9,4,1,1,71.31655929,-156.66027,0,0,28.89999962,146.5,102,61,10636.4845
127231871,2009,154,160,7,0,0,0,71.32113,-156.670695,0,0,31,149,102.0999985,NA,NA
127231872,2009,155,172,18,0,0,0,71.32296217,-156.6650561,0,0,28.44000053,143.5,95.40000153,53.5,15541.26606
127231873,2009,155,155,1,0,0,0,71.32142,-156.6614,0,0,29.63999939,147,103.5999985,NA,17567.21621
127231874,2009,155,156,2,0,0,0,71.319075,-156.666405,0,0,27.55999947,135.5,102.0999985,58.75,2988.30218
127231875,2009,157,178,22,0,0,0,71.32124,-156.6651188,0,0,29.45000076,142,84,57.5,7694.97363
127231876,2009,157,171,15,0,0,0,71.3173775,-156.650265,0,0,30.12999916,147,101.5,NA,NA
127231877,2009,158,160,3,0,0,0,71.319595,-156.657015,0,0,29.40999985,144,91,60,14916.74453
127231878,2009,158,185,28,0,0,0,71.32404143,-156.6674443,0,0,29.45999908,152,115.1999969,61.67,7362.73453
127231879,2009,160,160,1,0,0,0,71.320115,-156.669585,0,0,28.85000038,148,101.8000031,60.5,8869.49545
127231880,2009,161,178,18,0,0,0,71.32183636,-156.6674418,0,0,28.07999992,146,94,62.33,11373.99678
127231881,2009,161,169,9,0,0,0,71.32253727,-156.6622427,0,0,28.79000092,147.5,105,53,1864.06805
127231882,2009,161,175,15,0,0,0,71.32145462,-156.6603531,0,0,28.61000061,138,94.80000305,59.25,6989.04317
127231883,2009,161,161,1,0,0,0,71.32097,-156.65684,0,0,28.40999985,140,106.0999985,61.25,6447.08436
127231884,2009,161,167,7,0,0,0,71.32552667,-156.6498167,0,0,28.71999931,141,101.4000015,61.5,8069.55786
127231885,2009,161,161,1,0,0,0,71.32117,-156.65564,0,0,29.42000008,144,105.0999985,68,4654.72542
127231886,2009,162,174,13,0,0,0,71.32405667,-156.6548383,0,0,29.21999931,145,81.80000305,53,7648.54991
127231887,2009,162,171,10,0,0,0,71.32483125,-156.6415988,0,0,27.68000031,148,105.4000015,62,9564.90102
127231889,2009,165,165,1,0,0,0,71.32161,-156.65938,0,0,29.20999908,140,97.90000153,61.33,713.86271
127231890,2009,166,177,12,7,2,1,71.32391167,-156.667985,0,0,29.26000023,145,107,61.5,901.65728
127231895,2009,170,170,1,4,1,1,71.32234,-156.62587,0,0,29.47999954,143,97.80000305,NA,NA
127231896,2009,157,177,21,0,0,0,71.3204075,-156.6638225,0,0,30.45999908,141,98.30000305,56.25,2416.85393
127231897,2009,171,175,5,0,0,0,71.32543667,-156.6708433,0,0,31.35000038,NA,111.5,60,16270.64353
127231900,2009,159,177,19,4,1,1,71.31993,-156.6664667,0,0,28.5,138,96.80000305,55.5,1640.57009
127231901,2008,155,159,5,0,0,0,71.320815,-156.6632238,0,0,29.57999992,149.5,89.90000153,57.83,9103.18852
127231902,2008,156,176,21,0,0,0,71.32142706,-156.6656994,0,0,29.01000023,142,89.59999847,60.5,3390.82138
127231903,2008,159,178,20,0,0,0,71.32290263,-156.6632501,0,0,30.89999962,149.5,100.5999985,59.83,9062.83309
127231904,2008,159,182,24,3,1,1,71.31898982,-156.6673796,0,0,28.72999954,140.5,96.09999847,NA,NA
127231905,2008,159,159,1,0,0,0,71.32019,-156.6673,0,0,29.12000084,145,100.4000015,NA,9117.01918
127231906,2008,159,159,1,0,0,0,71.318375,-156.65983,0,0,27.30999947,145,97.30000305,59.5,2723.62372
127231907,2008,159,160,2,0,0,0,71.320465,-156.669325,0,0,29.79999924,149,104,50.67,8667.042
127231908,2008,159,162,4,0,0,0,71.31698,-156.6635843,0,0,30.35000038,146,104,56,979.26946
127231909,2008,160,182,23,0,0,0,71.31843108,-156.6541886,0,0,29.29999924,146,103.8000031,NA,7273.24624
127231910,2008,160,163,4,0,0,0,71.31576,-156.65832,0,0,28.79999924,146,98.80000305,60,8158.77165
127231911,2008,160,170,11,3,1,1,71.32248333,-156.6531933,0,0,29.45000076,143,102.5999985,59,14204.65674
127231912,2008,161,161,1,0,0,0,71.32248,-156.6716,0,0,29.5,140,98.09999847,NA,1061.55365
127231913,2008,161,161,1,0,0,0,71.32249,-156.6724,0,0,28.57999992,147,106,57,1843.72366
127231914,2008,162,162,1,0,0,0,71.3231,-156.6726,0,0,28.90999985,145,115,59,1146.85155
127231915,2008,162,162,1,0,0,0,71.322214,-156.66913,0,0,29.98999977,146,104.5,57.83,2328.56709
127231916,2008,162,162,1,0,0,0,71.32296,-156.674,0,0,29.81999969,147,100.4000015,61,912.8027
127231917,2008,163,163,1,0,0,0,71.32213556,-156.6611111,0,0,30.47999954,151,105.6999969,56.5,10000.64487
127231918,2008,164,164,1,0,0,0,71.31921,-156.651,0,0,28.46999931,141,97.80000305,58.5,14101.44672
127231919,2008,164,177,14,0,0,0,71.319137,-156.639714,0,0,28.92000008,141,106.3000031,61,34861.55951
127231920,2008,164,168,5,4,1,1,71.31842111,-156.6486111,0,0,29.60000038,144.5,99.69999695,NA,4997.51174
127231921,2008,164,181,18,0,0,0,71.32317286,-156.6700029,0,0,29.79999924,144,96.09999847,58.5,459.21937
127231922,2008,164,168,5,0,0,0,71.31836333,-156.6628183,0,0,28.79999924,146,100.3000031,58.5,5662.13832
127231923,2008,165,185,21,12,2,1,71.32113361,-156.6592292,0,0,29.20999908,142.5,94.30000305,55.75,5056.53284
127231924,2008,165,186,22,0,0,0,71.32324286,-156.666099,0,0,29.55999947,143.5,95.5,62,7740.02277
127231925,2008,165,165,1,0,0,0,71.3224,-156.6711,0,0,28.62999916,140,103.5,NA,4873.71135
127231926,2008,166,167,2,0,0,0,71.32205,-156.660265,0,0,29.11000061,150,111.4000015,58.75,1265.82092
127231927,2008,166,185,20,1,1,1,71.32372,-156.6655228,0,0,29.07999992,144,98.59999847,59.33,2266.92882
127231928,2008,167,181,15,3,1,1,71.32282222,-156.6577944,0,0,28.54999924,143,103,66,28720.59839
127231929,2008,167,169,3,0,0,0,71.322235,-156.6544725,1,0,29.12000084,146,104.4000015,60,5468.73855
127231929,2009,162,162,1,0,0,0,71.31931,-156.6474,0,1,29.85000038,147.5,121.1999969,66,11480.73763
127231930,2008,167,171,5,1,1,1,71.32273667,-156.6489878,0,0,29.46999931,145,99.69999695,63.75,4268.40434
127231931,2008,168,175,8,0,0,0,71.32032133,-156.6563473,0,0,28,144.5,98.59999847,65.5,1925.89485
127231932,2008,168,168,1,0,0,0,71.32398,-156.64941,0,0,26.5,141,91,60,4315.21587
127231933,2008,168,175,8,0,0,0,71.319488,-156.647158,0,0,29.29999924,145.5,105,64.5,10477.2215
127231934,2008,168,175,8,4,1,1,71.32071094,-156.6500694,0,0,29.70000076,147,102,65.75,1983.48872
127231935,2008,168,189,22,0,0,0,71.32300727,-156.6692064,1,0,28,143,99.59999847,62,9680.55963
127231936,2008,170,174,5,0,0,0,71.313368,-156.652772,0,0,28.54000092,145,103.5,57,4048.247
127231937,2008,170,170,1,4,1,1,71.31508,-156.6548,0,0,28.04000092,145,101.1999969,60.5,2957.33687
127231938,2008,170,180,11,0,0,0,71.31836778,-156.6488315,0,0,29.75,141,96.30000305,59.83,1959.39481
127231939,2008,170,181,12,0,0,0,71.32217333,-156.6602433,0,0,29.29999924,144,96.09999847,61.25,185.34867
127231940,2008,170,174,5,0,0,0,71.3182225,-156.6454031,0,0,28,143,95.5,61.5,645.19618
127231941,2008,170,175,6,4,1,1,71.3215475,-156.6424225,0,0,29.5,143,98.59999847,59.5,3537.96902
127231942,2008,171,172,2,4,1,1,71.31383333,-156.6554767,0,0,27.52000046,148,101.5,NA,1133.67115
127231943,2008,171,171,1,0,0,0,71.32203,-156.6738,0,0,29.87999916,143,99.69999695,NA,5470.92101
127231944,2008,172,174,3,0,0,0,71.31406,-156.650025,0,0,29.5,146,103.8000031,57,6924.92833
127231945,2008,172,176,5,4,1,1,71.315708,-156.649724,0,0,30.39999962,145,109,56.5,1888.60277
127231946,2008,172,190,19,0,0,0,71.31858286,-156.6464229,0,0,29.95000076,138,121.1999969,65,21196.73548
127231947,2008,172,181,10,5,2,1,71.321115,-156.642315,0,0,27,149,107.4000015,62,391.12262
127231948,2008,172,179,8,0,0,0,71.322542,-156.659062,0,0,30.29999924,146.5,102.9000015,59.25,446.787
127231949,2008,172,187,16,0,0,0,71.32217583,-156.6516558,0,0,28.29999924,147,92.69999695,60,5890.27912
127231950,2008,173,173,1,4,1,1,71.31825,-156.653,0,0,28.29999924,141.5,95.09999847,62.5,158.69486
127231951,2008,172,172,1,0,0,0,71.3219,-156.64829,0,0,28.5,145,90.80000305,59,171.18077
127231952,2008,173,173,1,2,1,1,71.3206,-156.6389,0,0,29.20000076,145.5,103.5999985,57.83,397.87803
127231953,2008,173,173,1,4,1,1,71.32315,-156.6465,0,0,28.70000076,142.5,92.40000153,55.25,683.77756
127231954,2008,173,177,5,0,0,0,71.32308,-156.6622667,0,0,28.5,143,102.5,57.5,10734.26024
127231955,2008,173,176,4,0,0,0,71.32103,-156.66806,0,0,29.14999962,145,97.19999695,62.17,10274.23538
127231956,2008,173,173,1,0,0,0,71.32149,-156.6707,0,0,27.70000076,140,97.19999695,63,8119.05404
127231957,2008,173,173,1,0,0,0,71.32126,-156.6736,0,0,30,149,100.0999985,63,1900.12641
127231958,2008,173,173,1,0,0,0,71.32125,-156.6729,0,0,28.39999962,142,101.0999985,59.83,571.65961
127231959,2008,173,181,9,0,0,0,71.32219333,-156.6699867,0,0,30.20000076,146,100.0999985,63.5,151.29303
127231960,2008,173,174,2,0,0,0,71.32202,-156.66988,0,0,31.20000076,149,109.0999985,56.75,2005.20373
127231961,2008,175,175,1,4,1,1,71.32473,-156.6472,0,0,27.60000038,143,93,54,834.13505
127231962,2008,178,186,9,3,1,1,71.32367286,-156.6640814,0,0,27.37999916,142,100.0999985,56,2674.84154
127231963,2008,178,178,1,0,0,0,71.32217,-156.668805,0,0,28.69000053,146,98.40000153,59,223.40357
127231964,2008,178,178,1,0,0,0,71.323275,-156.67087,0,0,28.37000084,151,96.40000153,54.75,178.48861
127231965,2008,178,178,1,0,0,0,71.3216,-156.6701,0,0,27.32999992,140,100.8000031,57.5,1806.56431
127231966,2008,178,178,1,0,0,0,71.32305,-156.6718,0,0,30.55999947,144,110.5,54.67,67.52951
127231967,2008,180,181,2,0,0,0,71.323145,-156.66581,0,0,29.01000023,148,95.09999847,54,111.3885
127231968,2009,154,154,1,0,0,0,71.32358,-156.67525,0,0,27.70000076,138,94.30000305,49.33,1359.25708
127231969,2009,154,154,1,0,0,0,71.32317,-156.67488,0,0,28.04000092,142,90.90000153,56.67,3675.23703
127231970,2009,155,159,5,0,0,0,71.3204,-156.6726867,0,0,29.45000076,146.5,98.59999847,56.75,5133.9102
127231971,2009,156,156,1,0,0,0,71.322285,-156.66962,0,0,28.82999992,141,104,57,15190.9679
127231972,2009,158,158,1,0,0,0,71.32198,-156.66602,0,0,30.39999962,147,100.0999985,57.17,1820.36119
127231973,2009,158,168,11,8,2,1,71.325525,-156.66726,0,0,30.10000038,146,100.0999985,50,NA
127231974,2009,159,175,17,0,0,0,71.31722313,-156.6525456,0,0,28,143,87.80000305,58.75,7110.83974
127231975,2009,164,181,18,0,0,0,71.320326,-156.651321,0,0,30,150,105.0999985,61,18532.49384
127231976,2009,170,177,8,0,0,0,71.321138,-156.659122,0,0,29,145,98,NA,NA
127232001,2008,152,152,1,0,0,0,71.32326,-156.6753,0,0,28.70000076,146,107.8000031,57.62,606.64149
127232002,2008,152,162,11,0,0,0,71.32338667,-156.6747883,0,0,30.39999962,145,111.9000015,58.33,2664.88618
127232003,2008,152,156,5,0,0,0,71.323235,-156.6729075,0,0,29.29999924,141.5,98.19999695,58,3453.53252
127232004,2008,151,157,7,0,0,0,71.3231625,-156.6736325,0,0,28.79999924,144,84.30000305,53.75,6614.97498
127232005,2008,155,155,1,0,0,0,71.32347,-156.6739,0,0,29.70000076,149,95.90000153,65,1173.69359
127232006,2008,155,158,4,0,0,0,71.32442667,-156.6719183,0,0,30.29999924,147,80,58,3549.96089
127232007,2008,155,155,1,0,0,0,71.32355,-156.6746,0,0,30.39999962,147,108.3000031,56.83,1331.74927
127232008,2008,155,168,14,0,0,0,71.32402667,-156.6714433,0,0,31,152.5,108.5,60.75,4438.54703
127232009,2008,155,159,5,0,0,0,71.322868,-156.672858,0,0,26.60000038,141,81.30000305,50.33,1343.14992
127232010,2008,155,157,3,0,0,0,71.32331667,-156.6743533,0,0,28.70000076,143,92.80000305,55,614.8928
127232011,2008,156,172,17,0,0,0,71.32244571,-156.6703386,0,0,29.5,143.5,94.69999695,54.62,6685.13447
127232012,2008,156,156,1,0,0,0,71.32326,-156.6735,0,0,29.70000076,144,106.5,59,8452.95711
127232013,2008,156,160,5,0,0,0,71.324,-156.6723967,0,0,29.89999962,144.5,82.30000305,45.75,1899.64759
127232016,2008,159,181,23,0,0,0,71.31956446,-156.6561442,0,0,29.39999962,145,103.0999985,54,2071.45308
127232017,2008,159,159,1,0,0,0,71.321915,-156.669525,0,0,29.79999924,134.5,93.90000153,65,735.51383
127232018,2008,161,170,10,0,0,0,71.32065857,-156.6632786,0,0,28.10000038,141.5,107.0999985,55.5,14022.85913
127232019,2008,161,161,1,0,0,0,71.32362,-156.6749,0,0,29.89999962,149.5,102.6999969,NA,7510.16072
127232020,2008,161,165,5,0,0,0,71.32292667,-156.6688533,0,0,30.89999962,142.5,106.4000015,59.67,1428.79852
127232021,2008,161,162,2,0,0,0,71.32088,-156.6685233,0,0,30.10000038,143.5,93.90000153,53.75,2039.4404
127232022,2008,161,161,1,0,0,0,71.32321,-156.6712,0,0,30.39999962,150,103.3000031,55.5,13493.71239
127232023,2008,162,162,1,0,0,0,71.32349,-156.6739,0,0,30.10000038,145,105.0999985,54.5,2738.94962
127232024,2008,162,167,6,0,0,0,71.320824,-156.66306,0,0,28.5,142,94,56.5,3790.09731
127232025,2008,162,185,24,0,0,0,71.32214262,-156.6694357,0,0,28.60000038,143,102.1999969,56.5,3953.18305
127232026,2008,162,172,11,0,0,0,71.32056857,-156.6668251,0,0,30.60000038,148,103.3000031,58,11009.08126
127232027,2008,164,165,2,0,0,0,71.322825,-156.665635,0,0,28.79999924,145,112,60.25,2173.20054
127232028,2008,164,164,1,0,0,0,71.32365,-156.6723,0,0,29.29999924,144.5,103.5,58.5,2557.23022
127232029,2008,168,178,11,0,0,0,71.32172105,-156.6676088,0,0,31.10000038,148,115.5,NA,NA
127232030,2008,170,177,8,3,1,1,71.32267087,-156.669687,0,0,30.70000076,146,103.3000031,55.5,12248.0894
127232032,2008,175,189,15,0,0,0,71.323032,-156.66999,0,0,30.10000038,148.5,99.90000153,58.25,1254.46527
127232033,2008,175,176,2,0,0,0,71.32156,-156.66781,0,0,29.89999962,146.5,102.3000031,54,231.12975
127232034,2008,168,168,1,0,0,0,71.32144,-156.6691,0,0,29.89999962,144.5,114.5,63.5,2917.80549
127232035,2008,175,181,7,0,0,0,71.32294688,-156.6697156,0,0,31.79999924,147,100.3000031,58,13329.85629
127232036,2008,175,175,1,0,0,0,71.32332,-156.6747,0,0,28.60000038,140,90.69999695,57,155.94353
127232037,2008,175,180,6,0,0,0,71.321725,-156.66691,0,0,30.29999924,146,88.90000153,55,169.14028
127232038,2008,175,178,4,0,0,0,71.32139833,-156.6652067,0,0,31.20000076,143,93.80000305,51.25,94.7642
127232039,2008,175,175,1,0,0,0,71.32208,-156.6701,0,0,29.70000076,144,93,53,232.30218
127232040,2008,175,175,1,0,0,0,71.32261,-156.6702,0,0,29.10000038,140,97.80000305,63.75,273.8207
127232041,2008,175,179,5,4,1,1,71.31911,-156.66008,0,0,32.29999924,150,104.1999969,57.25,153.15224
127232042,2008,175,175,1,0,0,0,71.32283,-156.6729,1,0,28.79999924,144,100.8000031,58.5,1737.29032
127232042,2009,162,177,16,3,1,1,71.31982958,-156.656535,0,1,28.39999962,145,98.5,56.83,15286.42354
127232043,2009,151,151,1,0,0,0,71.32309,-156.67403,0,0,28.84000015,143,95.40000153,57.33,2851.46389
127232044,2009,151,175,25,4,1,1,71.31831429,-156.6544668,0,0,29.12000084,141,102.5999985,57,8534.66226
127232045,2009,151,152,2,0,0,0,71.323665,-156.673245,0,0,31,144.5,91.90000153,50.5,906.65398
127232046,2009,151,151,1,0,0,0,71.32316,-156.67418,0,0,28.95000076,140,94.19999695,60,16832.12078
127232047,2009,151,153,3,0,0,0,71.32163333,-156.6683067,0,0,29.12999916,146.5,106.5999985,58.33,4115.58082
127232048,2009,151,155,5,0,0,0,71.32188667,-156.6745567,0,0,27.77000046,143,92.5,60,1390.2355
127232049,2009,152,152,1,0,0,0,71.32354,-156.67019,0,0,28.79999924,142,108.4000015,59,16835.12861
127232050,2009,152,159,8,0,0,0,71.32166,-156.67204,0,0,29.20000076,145,108.4000015,61.83,3998.17032
127232051,2009,152,152,1,0,0,0,71.32386,-156.67664,0,0,29.14999962,143,91.90000153,NA,10885.753
127232052,2009,152,152,1,0,0,0,71.32369,-156.67674,0,0,27.56999969,148,95.5,NA,9362.70308
127232053,2009,152,152,1,0,0,0,71.3237,-156.67788,0,0,28.64999962,146,110.0999985,59,1718.49978
127232054,2009,152,152,1,0,0,0,71.32348,-156.6728,0,0,30.12000084,146,102.4000015,51.67,2135.82341
127232055,2009,152,152,1,0,0,0,71.32393,-156.67665,0,0,27.96999931,143,104.8000031,54,871.14109
127232056,2009,152,152,1,0,0,0,71.32303,-156.67281,0,0,28.80999947,149,114.3000031,58.33,4279.385
127232057,2009,152,152,1,0,0,0,71.3215,-156.6728,0,0,30.76000023,142,108.6999969,55.25,15500.98126
127232058,2009,153,172,20,0,0,0,71.322176,-156.669568,0,0,29.39999962,145,103.1999969,61.67,610.90438
127232059,2009,154,176,23,0,0,0,71.32058818,-156.6638,0,0,28.51000023,141,95.90000153,61.83,2814.56958
127232060,2009,154,154,1,0,0,0,71.32131,-156.66947,0,0,29.42000008,147,105.6999969,53.25,8756.11734
127232061,2009,154,154,1,0,0,0,71.32272,-156.67183,0,0,31.23999977,153,124,59.5,7743.07229
127232062,2009,154,167,14,0,0,0,71.32000667,-156.6647767,0,0,28.88999939,145,103.1999969,56.5,7876.89081
127232063,2009,155,181,27,0,0,0,71.32049231,-156.6646508,0,0,29.10000038,140,108.3000031,60,28182.19087
127232064,2009,155,155,1,0,0,0,71.32027,-156.67149,0,0,27.82999992,148.5,102.9000015,58,6874.597
127232065,2009,155,181,27,4,1,1,71.32005333,-156.6632617,0,0,27.38999939,140,97.40000153,62,15799.16927
127232066,2009,155,155,1,0,0,0,71.31867,-156.66799,0,0,28.29999924,145,107.5,60,10410.07696
127232067,2009,156,156,1,0,0,0,71.32316,-156.67202,0,0,29.11000061,149,111.5,60,9972.22723
127232068,2009,156,156,1,0,0,0,71.32121,-156.66965,0,0,29.56999969,142,91,52,16251.85051
127232069,2009,157,157,1,0,0,0,71.31865,-156.66897,0,0,28.57999992,142,120.5999985,63,6203.62876
127232070,2009,158,175,18,0,0,0,71.3171075,-156.6480463,0,0,29.89999962,149,109.0999985,61.88,18030.72098
127232071,2009,159,159,1,0,0,0,71.321145,-156.665475,0,0,29.51000023,145.5,99.19999695,61,23063.97775
127232072,2009,159,175,17,4,1,1,71.321924,-156.674326,0,0,29.21999931,144,117.5,60.62,5381.00403
127232073,2009,160,160,1,0,0,0,71.32136,-156.65737,0,0,28.65999985,148,107.5999985,NA,803.41294
127232074,2009,160,177,18,0,0,0,71.32000833,-156.6655917,0,0,27.37000084,139.5,94.90000153,56.5,12823.87021
127232075,2009,160,160,1,0,0,0,71.32328,-156.66282,0,0,28.43000031,148,107.5,NA,10771.66602
127232076,2009,161,168,8,0,0,0,71.31548714,-156.6619557,0,0,29.56999969,150,109.6999969,55,5837.03032
127232077,2009,161,161,1,0,0,0,71.31543,-156.65627,0,0,27.82999992,145,101.5999985,62.5,12693.66294
127232078,2009,162,168,7,0,0,0,71.32188083,-156.6567592,0,0,28.88999939,144.5,111.0999985,58.5,22947.9473
127232079,2009,162,163,2,0,0,0,71.315985,-156.6612,0,0,27.76000023,141,96,56,15179.1444
127232080,2009,162,168,7,0,0,0,71.32284,-156.654205,0,0,27.72999954,146,104.6999969,59.62,27388.26067
127232081,2009,162,177,16,4,1,1,71.32111333,-156.6419217,0,0,29.18000031,144,93.59999847,NA,8737.73236
127232082,2009,163,163,1,0,0,0,71.32165,-156.65777,0,0,30.09000015,148,112.9000015,60.5,16494.50453
127232083,2009,164,171,8,0,0,0,71.32266667,-156.6381267,0,0,27.28000069,147,95.90000153,NA,12232.13921
127232084,2009,160,174,15,3,1,1,71.32229556,-156.6638444,0,0,30.23999977,148.5,109.5,61,14571.90621
127232085,2009,166,166,1,0,0,0,71.31601,-156.6518,0,0,29.30999947,149.5,98.09999847,NA,9174.92188
127232086,2009,167,167,1,0,0,0,71.31859,-156.66014,0,0,29.10000038,145,101.1999969,53.25,735.60788
127232094,2009,174,175,2,0,0,0,71.32367667,-156.67474,0,0,29.54999924,147,103.9000015,62.33,NA
129270203,2009,175,175,1,0,0,0,71.3225,-156.66837,0,0,29.13999939,147.5,89,59.75,NA
162116324,2005,160,160,1,0,0,0,71.33078,-156.6427,0,0,28.60000038,143,112,62.6,NA
162116330,2005,160,168,9,0,0,0,71.32782,-156.642782,0,0,29.5,145,102,62.6,9707.76339
162116333,2005,160,170,11,4,1,1,71.32530563,-156.643525,0,0,29.29999924,139,94.5,60.3,1463.2822
162116334,2005,160,178,19,9,4,1,71.32570435,-156.6456974,0,0,29.04999924,140,104.5,57.67,1449.10829
162116336,2005,160,160,1,0,0,0,71.32938,-156.643,0,0,28.39999962,141,84,58.33,1629.6323
162116339,2005,166,183,18,0,0,0,71.3258216,-156.6680652,0,0,30.79999924,142,99,57,2487.09763
162116340,2005,160,171,12,2,1,1,71.32912529,-156.6399482,0,0,28.79999924,140,77,56.67,4662.73375
162116343,2005,161,179,19,12,3,1,71.32131667,-156.6639426,0,0,31.89999962,146,104,NA,11173.72163
162116345,2005,163,164,2,3,1,1,71.314965,-156.66475,0,0,31.39999962,144,96,NA,5700.77905
162116346,2005,165,181,17,4,1,1,71.31516106,-156.6638153,0,0,28.89999962,147,102,65.17,23769.94749
162116347,2005,167,182,16,3,1,1,71.317273,-156.646594,0,0,29.5,148.5,105,61.5,7992.77324
162116351,2005,165,176,12,1,1,1,71.3192,-156.6515,1,0,29.10000038,142.5,95,56.17,2499.75683
162116351,2006,164,164,1,0,0,0,71.31848,-156.6493,0,1,29.78000069,144,78,53.5,5145.28242
162116352,2005,162,170,9,3,1,1,71.325786,-156.647664,0,0,30,150.5,92.5,57.75,6172.06233
162116353,2005,163,173,11,4,1,1,71.32118091,-156.6524518,0,0,30.10000038,145.5,105,58.17,7159.92797
162116354,2005,161,161,1,0,0,0,71.33115,-156.6427,0,0,27.5,144,96.5,64.25,2385.9158
162116358,2005,161,168,8,10,3,1,71.32148708,-156.6732048,0,0,29.29999924,146,102.5,56.5,3819.72807
162116359,2005,161,161,1,0,0,0,71.3238,-156.6789,0,0,29.10000038,142.5,101,57,9466.26456
162116361,2005,161,176,16,0,0,0,71.32383,-156.647195,0,0,29,147.5,110,63,30936.61474
162116362,2005,161,163,3,0,0,0,71.32261,-156.67493,0,0,29.89999962,142,100.5,NA,2989.53356
162116363,2005,166,166,1,0,0,0,71.32318,-156.6656,0,0,29.5,148,92,60.25,9568.88486
162116364,2005,162,164,3,8,2,1,71.328454,-156.648574,0,0,29.01000023,143,97,55.17,13849.22576
162116365,2005,161,161,1,0,0,0,71.32365,-156.6786,0,0,30.04999924,142,112.5,NA,15985.06089
162116366,2005,166,183,18,0,0,0,71.32294548,-156.6635135,0,0,30.5,146,99,55.5,5672.35584
162116367,2005,161,185,25,7,2,1,71.32283517,-156.6727176,0,0,27.79999924,138,99.5,NA,2648.28957
162116368,2005,166,166,1,0,0,0,71.32366,-156.6646,0,0,29.85000038,150,104,64.75,14579.11398
162116369,2005,161,161,1,3,2,1,71.32381,-156.6413,0,0,31.10000038,145,103,NA,5952.74441
162116370,2005,161,181,21,7,4,1,71.32373889,-156.6456683,1,0,30.02000046,146,100,NA,6184.72906
162116370,2006,160,170,11,0,0,0,71.32493154,-156.6409638,0,1,30.67000008,145,97.5,52.6667,2089.36981
162116371,2005,166,179,14,7,2,1,71.32433115,-156.6662688,0,0,30.39999962,144,101,61.5,10873.1569
162116372,2005,167,177,11,1,1,1,71.3209404,-156.6616656,0,0,29.29999924,141.5,96,66.13,8907.76029
162116373,2005,164,168,5,0,0,0,71.31915556,-156.6557222,0,0,30.39999962,143,89,58.38,4390.69305
162116375,2005,167,180,14,0,0,0,71.32171929,-156.669445,0,0,29.10000038,146.5,95,58.17,4116.52276
162116377,2005,163,164,2,0,0,0,71.32466,-156.643525,0,0,29.20000076,142.5,102,58.5,16517.35587
162116378,2005,165,177,13,4,1,1,71.32887205,-156.6426009,0,0,29.70000076,148,109,61.25,2467.01397
162116381,2005,162,166,5,8,2,1,71.3200905,-156.6683078,0,0,30.04999924,144,104,50.5,NA
162116386,2005,167,181,15,0,0,0,71.3174675,-156.6517442,0,0,28.29999924,145,106,63.5,10954.65581
162116387,2005,167,174,8,2,1,1,71.32063182,-156.6545927,0,0,30.29999924,144,90,60,6488.74998
162116388,2005,167,182,16,0,0,0,71.31896647,-156.6613124,0,0,29.20000076,145,85,NA,5423.53974
162116391,2005,167,174,8,4,1,1,71.31691316,-156.6679468,0,0,31.39999962,142,103,NA,938.15394
162116392,2005,167,181,15,0,0,0,71.3198445,-156.655547,0,0,29.70000076,142,94,64.67,3423.99491
162116394,2005,167,167,1,0,0,0,71.32105,-156.655,0,0,29.70000076,148.5,97,63.8,5980.10786
162116395,2005,167,176,10,0,0,0,71.31207667,-156.6423444,0,0,29.10000038,145,91,NA,6796.14955
162116396,2005,167,180,14,0,0,0,71.31701125,-156.6455225,0,0,30.10000038,149,97,NA,3727.98977
162116397,2005,167,173,7,0,0,0,71.31387583,-156.6591758,0,0,29.89999962,144,98,NA,2506.64099
162116400,2005,174,174,1,0,0,0,71.32319,-156.6731,0,0,27.10000038,148,98,61.75,8798.08239
198103101,2005,167,171,5,0,0,0,71.32069333,-156.6599556,0,0,30.5,147,106.5,57.5,14634.1124
198103102,2005,167,182,16,1,1,1,71.3256792,-156.6424088,0,0,30.29999924,147,93,58,5086.21033
198103105,2005,177,177,1,0,0,0,71.32085,-156.6496,0,0,28.5,144.5,105,62.67,1131.81471
198103106,2008,162,162,1,0,0,0,71.32318,-156.6593,0,0,28.79999924,147,115,57.5,8458.62453
198103110,2005,171,184,14,4,1,1,71.32149471,-156.6480121,0,0,29,138,97,62,2945.58891
198103111,2005,179,179,1,0,0,0,71.32633,-156.6427,0,0,30,144,91,59.5,248.13166
198103112,2005,174,181,8,0,0,0,71.32699333,-156.6425067,1,0,30.39999962,146.5,104,57.5,6417.55364
198103112,2006,148,178,31,8,2,1,71.32528333,-156.646725,0,1,30.01000023,148,107,58.3333,1748.92597
198103113,2005,177,177,1,0,0,0,71.32557,-156.6431,0,0,29.79999924,142,85,58.63,231.75002
198103119,2005,174,184,11,4,1,1,71.32049273,-156.6425173,0,0,29.5,147,101.5,60.5,1625.6672
198103120,2005,178,178,1,0,0,0,71.322105,-156.66035,0,0,NA,NA,94,59.5,1762.53131
198103123,2005,170,180,11,0,0,0,71.31925,-156.6506367,0,0,30.5,147,93,60.33,11697.32845
198103124,2005,177,177,1,0,0,0,71.31928,-156.6435,0,0,29,144,104,62.33,2486.18005
198103125,2005,170,183,14,3,1,1,71.32153811,-156.6631446,0,0,29.89999962,147,101,56.33,5155.47228
198103126,2005,171,184,14,4,1,1,71.32225242,-156.6560452,1,0,28.29999924,145,91,62.75,7690.55663
198103126,2006,164,174,11,0,0,0,71.32299571,-156.6535171,1,1,29.39999962,144,92,62.6667,13477.31408
198103126,2007,163,185,23,18,4,1,71.32232,-156.6547958,1,1,28.06999969,144,92.09999847,63.5,1263.0782
198103126,2008,161,178,18,4,1,1,71.321915,-156.6558338,0,1,29,146,NA,NA,5233.71305
198103128,2005,177,177,1,15,4,1,71.32085,-156.6496,0,0,29.10000038,144,106,58.67,10716.90177
198103129,2005,174,183,10,10,3,1,71.32232692,-156.6287185,0,0,29.89999962,144,96,58.63,7443.3963
198103130,2005,173,182,10,0,0,0,71.32609087,-156.6408896,0,0,30.89999962,149,106.5,58.75,1927.09967
198103132,2005,177,180,4,1,1,1,71.31960333,-156.66102,0,0,28.5,146,100,65.5,567.2343
198103133,2005,171,184,14,0,0,0,71.32341931,-156.6689428,0,0,27.89999962,144,101,60,4843.61573
198103134,2005,171,181,11,0,0,0,71.32356935,-156.672061,0,0,28.20000076,147.5,101,60,3496.39752
198103138,2005,179,179,1,4,1,1,71.32267,-156.63387,0,0,28.29999924,144,102,56.5,5672.81558
198103139,2005,178,178,1,0,0,0,71.31961,-156.6627,0,0,28.70000076,143,94.5,56.1,3970.52314
198103142,2005,177,185,9,4,1,1,71.326137,-156.655631,0,0,27.39999962,144,102,59.67,1135.61434
198103147,2005,171,182,12,0,0,0,71.316401,-156.650967,0,0,30,140.5,101,61.67,4953.11994
198103150,2005,177,177,1,13,4,1,71.3122,-156.6633,0,0,29.70000076,144,109,63.6,3130.50251
198103153,2005,174,181,8,0,0,0,71.32050182,-156.6638864,1,0,28.79999924,145,94,62.67,10656.46305
198103153,2006,162,162,1,0,0,0,71.321005,-156.669295,0,1,29,149,99,59.375,39099.55914
198103156,2005,174,177,4,0,0,0,71.32136583,-156.6681608,0,0,29.60000038,142,81,56.38,202.18758
198103167,2005,171,171,1,3,1,1,71.32358,-156.6499,0,0,28.10000038,141,98,59.83,4095.0854
198103171,2005,161,180,20,9,4,1,71.32187235,-156.6666824,0,0,30.03000069,143,99,NA,4699.15476
198103173,2005,176,178,3,0,0,0,71.32248,-156.6710867,0,0,30.10000038,145,101,58.33,8792.2469
198103175,2005,178,178,1,2,1,1,71.31509,-156.6481,0,0,29.89999962,151,104,57,1621.20218
198103187,2005,174,185,12,0,0,0,71.32087667,-156.665925,0,0,27.60000038,145.5,101,60.88,24083.46058
198103191,2005,176,177,2,0,0,0,71.313625,-156.659225,0,0,30.79999924,145,96,56,698.95384
198103193,2005,176,176,1,0,0,0,71.3226,-156.6702,0,0,28.14999962,133,80,59,16401.58561
198113178,2005,176,181,6,0,0,0,71.321105,-156.664065,0,0,27.70000076,139,103,60.67,3740.87414
199124675,2006,148,180,33,3,1,1,71.32227735,-156.6670997,0,0,27.20000076,140,83,NA,NA
199177398,2006,175,177,3,0,0,0,71.3139,-156.6463833,0,0,31.05999947,148,98,59.3,2764.39396
221113017,2006,178,178,1,0,0,0,71.31287,-156.6573,0,0,28.5,144,93,59,3946.7441
221113849,2007,173,173,1,0,0,0,71.32416,-156.66478,0,0,30.62999916,139,87.40000153,51.5,NA
233113014,2008,156,162,7,0,0,0,71.32353231,-156.6709669,0,0,27.87000084,142,66.19999695,35.25,7648.20618
233113149,2008,178,182,5,0,0,0,71.32238,-156.6701083,0,0,27.69000053,144,81.40000153,50.88,113.43438
233113217,2008,157,159,3,0,0,0,71.324,-156.67553,0,0,29.62000084,144,100.1999969,NA,565.99673
233113219,2008,157,159,3,0,0,0,71.32319,-156.6713425,0,0,27.69000053,148.5,102.8000031,58,1465.99222
233113220,2008,157,157,1,0,0,0,71.32369,-156.6752,0,0,27.95000076,148,102.9000015,NA,1109.68109
250103801,2009,150,167,18,0,0,0,71.321334,-156.666402,0,0,29.40999985,145,106.5,62.75,10587.44842
250103954,2009,155,155,1,0,0,0,71.3214,-156.67243,0,0,28.47999954,145,90.5,58,10664.75196
250103964,2009,177,177,1,0,0,0,71.31837,-156.65629,0,0,28.29999924,146.5,102.5,NA,NA
